Deal_title,Success_probability
TitleAD16O,59.98994
TitleOW6CR,56.856556
TitleVVJQ5,73.85858
TitleUS8NA,73.360535
Title5VGWW,65.44776
TitleE2WOK,56.143257
Title8CF62,58.443546
TitleF8687,61.22531
TitleWNTYU,66.40278
TitleXK47X,61.845444
Title2QCON,64.39725
TitleR9W92,66.80281
TitleY5USZ,62.433407
TitleY4MJP,63.860092
Title1W8YF,53.601
Title9HII9,58.816265
Title725I7,59.13387
TitleTB8A9,62.676044
Title9CM6M,65.8427
Title2ATAG,60.75555
TitleAKV0K,62.76478
Title40AN7,65.45273
TitleQC654,62.913734
TitleDYIL3,61.31194
TitleEX1S3,70.98212
TitleAMLDL,70.55413
TitleQH7E7,68.70233
TitleT52E7,64.97083
TitleTGRSX,64.757484
TitleNL1RF,60.584675
TitleXOLYB,68.359634
Title6M0R1,66.79357
TitleO3EA1,66.34229
TitleDOHV2,69.681725
TitleBZERW,64.64764
TitleGD2UX,63.446564
TitleWLHM9,59.733982
TitleKCOAN,64.24194
TitleZLSEG,59.325855
TitleIJCLT,66.71905
Title6TO0C,63.11752
Title6G0HX,60.351982
TitleOI849,51.550343
TitleFOU96,64.48418
Title1JMW2,65.41336
TitleEK2G5,63.665787
TitleFCVZZ,61.683758
TitleYWT9O,60.624306
TitleONFNK,64.916756
TitleYBWHO,52.050148
Title0ABZU,64.3696
TitleRL0H9,65.69688
Title7EQFB,69.0576
Title4EV1D,66.41285
TitleBGKH2,61.115276
TitleDTP0Z,65.69073
Title11K82,55.74254
Title7VF6X,71.82898
TitleQU2CO,63.38263
Title64YS8,62.43615
TitleFIM0Q,70.87012
TitleCWEHX,65.429474
Title92460,67.872604
TitleWJ99Y,73.201096
TitleKRL1N,64.81498
TitleL3YT1,63.803646
Title38LJL,68.6923
TitleH6EHH,63.05615
Title85MTC,65.13114
TitleKHY4R,62.18204
TitleVSLNT,61.872986
Title87H8W,65.655235
TitleF6Y3O,69.85949
TitleARV9A,62.02373
TitleNOVXO,62.70442
TitleB9BV2,62.541103
TitleBJ1RG,67.890366
TitleCEJAA,60.022675
Title6IXFW,62.923946
TitleMMMJ8,74.57809
TitleS2KHC,60.283066
TitleBQCK8,70.384094
Title49KAE,67.25007
TitleI75WO,62.592167
Title89CC9,67.022026
TitleQH1LB,64.532104
TitleO4EZA,46.891518
Title29I32,65.48742
TitleQS6HG,60.184605
Title3X354,53.428535
Title7O1LX,73.779976
TitleTL3RY,69.17873
TitleGNLFA,54.519073
Title2LWRP,58.802143
TitleASNW8,68.70583
Title17AXX,50.685665
Title1ZNU8,58.7312
TitleI91SM,62.75172
TitleT3O89,59.584534
Title7SN4U,66.22616
TitleXTN7N,62.122715
Title60US8,61.97264
TitleHQHV8,64.8759
TitleKRERU,65.89311
Title2LMSH,63.106773
TitleRUNZZ,69.59828
TitleNWNCQ,72.4017
TitleX4XVX,65.85285
TitleZZ8C4,64.2326
Title40VOT,52.320744
TitleVJE93,57.52624
TitleT6IFU,59.126865
TitleJTB5C,70.14272
TitleP27G5,71.42565
Title9MOY9,63.728428
TitleL2MIQ,64.76569
Title4C0R3,68.61176
Title9M68F,64.24353
TitleTV4EP,59.13451
TitleGRQSE,59.8079
Title66KV3,63.152435
TitleZGL83,63.484245
TitleDXX1I,71.70756
TitleJEC3R,65.660706
TitleJ86PA,63.038548
TitleY63E7,67.398186
TitleTIZWH,65.19241
Title8Q2VE,70.52512
TitleU4TJJ,54.073845
Title3DJSM,66.16971
TitleQK0GK,64.131485
Title1RJEO,58.709816
TitleQLAAT,61.68302
TitleE5SMZ,59.64446
TitleBCI7X,65.84863
TitleEJ8QG,63.679413
TitleF952N,65.31144
TitleTSFVY,69.758934
TitleMDHHH,60.455383
TitleRHKWU,64.25659
Title5FQ2D,71.3068
TitleC9DTF,63.23689
TitleMNACX,51.826904
Title3HAQN,70.35193
TitleVZ77S,65.30502
Title9XK7J,65.238106
TitleXAZ58,59.186573
Title5AVS8,55.54546
Title2GZ5L,65.86575
TitleQVCQO,65.475784
TitleQU41K,61.158375
TitleMSQ29,67.46595
TitleGF3AR,67.32616
TitleM1Y03,58.952747
TitleO050D,61.128044
TitleMY1JL,63.639812
TitleHR6TI,62.27923
TitleQYD01,62.60696
TitleDTQVL,64.227745
TitleL0TYU,54.487858
TitleCBNHL,64.61155
TitleKU2HW,63.415367
TitleVLF3R,53.68801
Title8ZAVN,58.626755
TitleZQS1N,64.181786
Title6RJPI,68.76064
TitleFITS4,68.07799
TitleH7DCS,66.88095
TitleW6KGP,66.727486
TitleB19A4,64.1341
Title3K0H0,64.382805
TitleQETZZ,69.62855
TitleMMOKL,64.344376
TitleVB7TN,51.1662
TitleP31A3,73.90946
Title84WTP,69.5868
Title8O71H,66.31198
TitleEOOL3,63.18671
TitleSL7PN,43.36641
TitleNNMNX,58.643196
Title94T7J,61.086823
Title5TW58,54.192387
TitleFSOQQ,70.7234
Title3U0Q9,69.889404
Title5TU5S,63.437202
TitleZ0JY8,62.382156
TitleTXY8Q,66.36128
TitleVFIT3,69.43535
Title7U9QA,70.843475
TitleYQ0XO,70.89777
Title7MGIZ,68.25399
Title9072O,62.576454
TitlePIGTN,66.31192
TitleN0MYB,67.83834
TitleRIWZ8,68.37628
TitleZIGTQ,69.25459
TitleTW439,66.26383
TitleUIT6V,70.00157
TitleR6XH3,63.21276
Title58R3H,61.988693
TitleDEBAJ,70.49618
TitleQZ64P,62.92861
TitlePR1PN,66.31802
Title482NU,64.80596
TitleGZLAP,66.67573
TitleS9B92,67.491104
TitleY95FX,58.828228
TitleFMC0D,49.996185
TitleI0INY,65.04991
Title0GAJI,67.84788
Title6LA9P,73.98967
TitleKILVF,64.44264
TitleAITZX,61.631668
TitleL6A1J,63.6471
TitleCYT9J,62.36834
TitleDST6L,71.32524
Title6BNFS,65.17116
TitleXAPT4,64.50383
TitleHJ3WF,72.688194
TitleNDJ2A,61.395573
TitleYYGY8,64.11176
TitleCVP13,65.314445
TitleL7DS2,62.18085
TitleVO0MI,64.74874
Title1QLMW,62.827335
TitleAFWVU,60.758865
TitleMQGXY,62.716633
TitlePS05F,66.57471
TitleTBPD7,71.51293
TitleSC6IH,64.281235
TitleWMDY2,57.943798
Title8AXHN,65.60117
Title8WJ3G,47.953644
TitleSYQ3F,68.05758
TitleF0S76,64.88065
Title23FI5,58.54431
TitleYM00H,69.68358
TitleV4Q21,65.72268
TitleZW3VH,66.9634
TitleWTD4L,60.227398
TitleHGN2A,69.20983
Title5NAK8,62.491127
TitleAFWDD,62.094913
TitleCVTAZ,62.02724
Title6S2L6,63.026623
TitleU7VJM,71.20515
Title25JJZ,65.220535
TitleU2OST,64.5635
TitleZK1N8,58.926353
TitlePJS42,60.0199
TitleT2N5V,68.03802
Title2WV7J,63.902653
TitleFAB82,60.336994
TitleUP3M1,69.18476
TitleT2JNN,65.47366
TitleCLQNO,69.6634
Title9R03I,71.60937
Title07QDY,57.668278
Title2IVM3,62.56888
TitleVP36Q,67.87178
TitleK4XJS,67.94871
Title4B9AT,61.278614
TitleIKWWI,65.39489
TitleGIP04,56.24894
Title9PWR5,68.41078
TitleFPMEZ,53.950794
Title2I5M7,64.505554
Title9R98H,63.085487
Title0NIZP,68.39967
TitleWNR0U,71.82781
TitleAHKSJ,65.65293
TitleJQHWZ,70.87557
TitleY63MM,69.12689
Title7R26O,62.784954
TitleERLRI,65.55261
Title9DNDI,63.28963
TitleN1GIT,62.935852
TitleZHHGX,64.73656
TitleILO9W,53.970814
TitleV8J6I,68.20087
Title6FUHU,67.33045
TitleKU88H,63.583355
TitleGWFWJ,63.486687
TitleQUUJE,69.7632
Title1CUT0,69.1443
TitleRPEUI,55.87182
TitleRWN0X,63.34501
Title2TB8F,63.649525
TitleJBP95,75.763626
Title2EHEM,61.55281
TitleJZ4ZZ,66.6854
TitleUR93W,70.46012
Title2EEYL,61.976982
TitleQKKKC,68.69668
TitleBV5KY,72.46097
TitleYEHWZ,60.360817
Title9GWVF,62.155476
TitleLF6V7,66.54352
TitleGEZF0,64.19869
TitleLNVE2,69.49256
TitleM0Z66,63.184246
Title0Z5ME,71.74204
Title72FQJ,53.740463
TitleRIG9O,64.620155
TitleSNRHC,66.8794
TitleZYG49,60.037437
TitleL7PNT,63.264282
TitleR0QR3,68.540016
Title853VR,72.95322
TitleAHYGU,66.090775
TitleUE5GI,59.631416
TitleWQE72,68.85101
TitleB3YJF,60.77351
TitleP5WMY,59.960392
TitleP1ICM,65.51745
TitleKK5F9,59.666706
TitleMD7B7,66.25638
Title6PDLX,68.23181
Title7KCK3,66.45125
TitleE82ZH,68.91201
TitleSOLQY,64.936455
TitleCQMFZ,70.40925
TitleGMHJJ,75.852165
TitleY3CTI,54.247353
TitleE0F81,63.766193
TitleZFA8I,61.580254
TitleULSDL,69.061646
Title34CJS,57.07489
TitleS9KBI,72.89647
Title6CM5T,52.541252
TitleLYI3U,58.98865
Title38R86,66.322136
TitleS82G6,61.704327
TitleSYV81,65.70349
Title9UUQ3,70.379616
TitleHMB3O,63.070923
TitleBC20O,64.08168
TitleYXY72,60.60527
TitleV507Q,58.055504
TitleD1JZI,59.167297
Title0MNUW,69.22655
TitleKSO5Y,56.731647
TitleZ5ZLQ,63.853424
Title2M7AV,62.079536
TitlePQYAC,71.77973
TitleN5OC4,58.517727
TitleG1V42,61.34873
Title4M0M0,65.850624
TitleQBMS6,69.48711
Title2LAUA,69.29785
Title0GLCX,64.409225
Title72Y5L,68.45488
TitleFCGPO,64.59029
TitleOMYPK,63.73664
TitleBZMHQ,59.73069
Title3MF67,68.50848
TitleJLN3N,62.539062
Title881YW,70.76327
TitleXH1PW,61.57089
TitleKUO6X,53.80422
TitleRVF5F,58.552856
TitleFS6PM,63.967
TitleBLK74,60.668694
Title5SA8C,63.93956
TitleQRM70,70.02925
TitleD8SRX,63.722107
Title30J3Q,59.494164
TitleHD2QJ,49.43416
TitleSEOJC,65.141975
TitleFWTDO,51.60485
TitleTL45U,63.469177
Title3CYSC,60.05154
Title777LR,62.792213
TitleJKMVS,61.63395
Title5SU1I,60.709015
Title7OAQB,64.85568
Title7JR4T,68.88561
TitleOK4D6,67.696075
TitleVWZ8U,64.76676
Title2BFXG,66.512566
TitleQA2XL,63.76162
TitleCRJ51,62.743202
TitleA1E4X,70.8124
TitleKDPSC,60.445244
TitleQD7TQ,60.466385
TitleTXY5O,63.80961
TitleEG6MZ,66.402596
TitleS8CK2,67.66516
TitleXDTHO,63.53269
TitleY3QME,63.01465
TitleSV0GA,63.702415
TitleXP7EA,65.42274
TitleUUFCT,65.55381
TitleFJN80,64.106964
TitleNY5WX,66.38954
TitleRJ1CV,62.6129
TitleN40KU,58.20348
Title8HF4L,63.39654
TitleWTQHE,51.085884
TitleJ8X0T,68.31962
Title5WYGO,68.170166
TitleOX8KK,64.16416
TitleZPRX1,69.88584
TitleGRFOA,66.716896
TitleV587I,62.596176
TitleKW46K,65.15885
TitleZJ2K4,67.36204
TitleEPO7G,60.14267
Title4KC4G,60.949352
TitleSQ1UX,60.112072
TitleXTSXA,69.24074
TitleN9D7T,69.2869
Title3KSPR,61.557068
TitleBSPVW,68.11163
TitleIZBD7,59.433514
TitleH7U28,56.99972
Title1OE44,68.706696
TitleVT583,65.65314
TitlePLYZ7,66.93351
Title5ELG8,71.30878
Title6021C,70.93499
TitleD6QWR,59.45074
Title25DXW,69.031136
TitleKQ4GN,68.73952
Title212WI,72.67306
TitleBLB0L,73.334595
Title7D9HI,65.729614
TitleEBE82,69.059006
TitleV2GHR,67.380585
TitleNEB47,62.109333
TitleQKO2E,66.66108
TitleC1EPZ,58.162888
TitleW7GAO,54.67325
Title4KKQU,63.005665
Title62W3F,61.959583
Title5P4GX,67.4805
TitleXKYVF,46.27632
Title5P66J,66.5139
Title1EE9R,63.51828
TitleXVCR2,69.36951
TitleK44RW,64.26279
TitleDWYFP,66.183365
Title35K93,55.583076
TitleD6C58,68.619705
Title37QC6,61.96746
TitleEJBN9,65.21656
TitleID60J,71.281586
Title5ZBJ5,71.89525
TitlePCO6B,62.289852
TitleM8580,72.87767
TitleIAQL1,64.972
TitleWLCXK,60.99375
Title5NO46,67.11965
TitleAI3PE,59.02049
TitlePCQZJ,59.096245
TitleHMKTR,60.224407
Title68F6W,68.95295
Title2SOBE,62.470924
Title6QIWC,67.73073
TitleWO5WW,69.61505
TitleJ6LKX,66.15009
TitleEEWU5,68.498604
TitleAX85X,65.80767
Title443L5,62.479675
TitleQC1J3,69.11673
TitleNUPCU,69.07432
TitleGUX97,61.232975
Title5I6VM,63.541973
Title728I0,63.3942
Title96ZGF,65.01407
TitleLU0NA,66.26713
TitleEMAGD,70.18604
Title9H3O7,60.492878
TitleM3CS3,68.16942
TitleP597Y,71.4463
Title01DZ1,64.509155
TitleLNNSR,63.783974
TitleHOIHH,63.000526
TitleGBS9Q,63.39939
Title30FYE,71.33356
Title2SUCH,56.376152
TitleE9XI2,73.54802
TitleDA82X,62.656956
TitleYW8HR,70.69384
TitleJN6AI,71.33428
TitleH2MWB,68.1948
TitleYQVSH,61.172592
TitleQRZJP,53.246807
Title24RUL,51.48592
TitleCRE6X,69.89012
TitleR43PJ,65.27899
TitleP2K1E,66.17723
TitleAOBGF,70.29507
TitleHBYUY,62.647293
TitleEVCML,66.312836
TitleZFAPT,62.20659
TitleYIUI7,52.288
Title1FPQK,67.702415
TitleUJWBW,57.923893
TitleBJYR7,67.04006
Title8JTF1,64.11896
TitleTZA49,63.112637
TitleT1B7R,66.08457
TitleAM3CB,63.55218
TitleWO5ED,64.58038
Title2TMWH,60.521767
Title06VRW,65.98628
TitleYV0UP,63.28594
TitleO4V34,69.11131
TitleFKSK0,69.92768
TitleNEH76,68.42369
TitleAVXZC,60.980694
TitleV60DG,61.116245
TitleUTZ31,60.84768
TitleC2PWK,64.452675
TitleE4HGA,58.98956
TitleS3ZB0,72.951385
TitleIP9KH,61.21877
TitleCGSRD,67.18324
Title5QXSN,71.21961
Title5Y2T3,58.890274
TitleWD6V4,65.54166
TitleXFC6B,62.137417
TitleG41PJ,64.75573
Title8I7VJ,62.145397
TitleCIF2Z,62.850388
Title3V4QG,61.36574
Title73XMP,59.1521
TitleQLI7E,69.34083
TitleQ7I7W,64.5688
TitleJ4DQW,70.710945
TitleKSVLN,60.41281
Title6MJU4,63.792866
TitleAYMCE,61.573704
Title043KJ,66.95738
TitleS0GE1,61.169926
TitleZNARU,69.5752
Title2PJZB,65.86929
TitleP0GZJ,66.67892
Title38AOP,68.97292
Title2FI5G,67.8676
TitleYMGMA,71.023285
TitleAWKNH,63.44597
Title5UDJC,52.515884
Title8O4SI,77.05591
TitleQAJYO,63.37918
TitleV0DBN,58.049946
TitleVZPED,63.287296
TitleO1AYG,61.34566
Title5P39E,71.42871
Title108RD,57.40252
Title1HV11,69.72617
TitleREAXR,55.210045
TitleYHGTP,57.685993
Title1FBD5,64.72018
TitleXIV7E,59.72274
TitleHBD7W,60.04565
TitleSNRI6,62.346363
TitleJNM2W,67.27002
TitleLT4SL,67.21179
TitleAXAZF,66.888985
TitleZWBNC,59.75393
TitleQJ4WL,58.94078
TitleCR7DT,64.21577
Title3NIBO,72.117676
TitleZL24H,66.23855
TitleFQSKJ,68.55745
TitleBNU2C,73.511185
TitleKD877,68.23972
TitleFQJXF,59.65441
Title64GLO,64.335365
TitleMSE5Y,60.32169
TitleQZ49S,67.76363
TitleJ4L5V,67.25724
TitleFNW5B,68.7499
TitleF9B29,63.290634
TitleS1YFA,66.10892
TitleHRIXA,54.729862
TitleQ6MXK,65.849144
TitleSUBDW,59.021774
Title83RZD,73.46399
TitleUZ1WK,63.993736
TitleFXCG1,64.6419
TitleGB31Y,64.0239
Title4V7DH,67.288155
TitleXKJOO,65.827995
TitleL4PKX,68.28939
TitleXJ4U2,62.8728
TitleF5WUU,63.146233
TitleCXS2J,55.85069
Title3E422,67.23961
TitleSA53I,67.57403
Title4TW3L,67.34456
Title2JPQN,60.27468
TitleVGL10,61.584557
TitleC0Z97,68.487495
TitleZWGTT,67.35926
TitleHRY59,67.960236
TitleCA0PS,67.81641
Title92JV6,66.265335
Title921U4,68.223305
TitleEE9YB,64.425316
TitleUXYL0,62.46419
TitleU6AP7,66.77026
TitleEMRKZ,67.97131
TitleIR8CL,66.92866
TitleDR4D4,73.86461
TitleI7MHB,68.80365
TitleJYDUH,62.39371
TitleOOHW2,67.60884
TitleAA0K2,66.5986
TitleQI6S3,68.39834
TitleEN5WF,63.0141
TitleASAWY,60.614017
Title0XG83,66.51358
Title7R23W,63.084187
TitleWHX4L,63.739258
Title1ER2Y,62.784206
Title9VTVJ,62.184353
TitleWRVN0,66.36943
TitleN0LUE,72.37329
TitleYXVMN,62.00832
TitleQ0LPL,66.256134
Title56GMA,57.97818
TitleLI03A,62.095104
TitleWZ253,67.884895
TitleLXK51,64.76676
TitleDGNUU,58.421867
TitleMQ41O,57.61838
Title25ZKS,65.42006
TitleNR8HN,64.15037
TitleCPVCW,66.40228
Title8KABP,77.49847
TitleIMHXK,49.996834
Title7HHOZ,66.883995
TitleMGECQ,65.47819
TitleOQU6Q,64.46066
Title3T8Q8,68.64691
TitleH4R55,65.61589
TitleJ69RU,66.8126
TitleC7RYX,65.212944
TitleURF8X,57.149517
TitleJLQ0Y,66.37394
TitleSZL62,65.57551
TitleKP3U7,55.91799
TitleTRE3S,59.330017
TitleN6F2A,62.64574
Title4LFA1,68.03785
TitleNU02U,68.63323
TitleZFXCP,68.114914
TitleMMAZY,59.37657
TitleYNGW5,44.32766
TitleMMDN8,60.031013
TitleJJOCR,54.556664
TitleISH2D,58.928646
Title6OWJL,62.191303
TitleJE4O9,53.768795
Title3Q4OR,61.560753
TitleH0UQK,63.745155
Title5LQOQ,63.829464
TitlePN59V,61.274788
TitleAIMZ4,69.25579
TitleR0HQW,64.37734
Title86L33,63.99443
TitleN7R4T,65.06025
TitleMAO9L,64.691864
TitleY6XA5,61.767567
TitleI8ERD,63.200676
TitleUJYEL,65.85036
TitleKYSRZ,60.65735
Title7RZD6,57.90301
TitleOVNNA,68.03331
TitleXCW6I,69.466675
TitleC700S,68.23183
TitleTV7P4,62.153168
TitleRQ5OT,64.888016
TitleU6ACG,71.64186
TitleP1WHY,60.290012
TitleAJ8XX,69.02784
TitleX99W6,66.065796
TitleY1SAV,63.843307
TitleID0JM,64.97474
TitleLFI9R,71.989914
TitleQ7FOO,61.939037
TitleYLBWY,70.14658
Title8SPUR,66.085655
Title9HRQL,64.18548
TitleUHPKX,70.94081
TitleBLUPD,59.79088
TitleS73N4,61.10048
TitleLHPZC,63.592224
TitleKXZVP,64.97136
TitleQ8ZJ5,56.08823
TitleVQ58V,65.476
TitleRCGOM,61.787857
Title205FL,61.730663
TitleQ0JJA,67.38039
TitleNKJ1P,67.41308
TitleDL5RK,66.30091
TitleDXHHB,65.49597
Title1HO0Y,68.91459
TitleR0GBY,70.79407
TitleGW5DY,61.882908
TitleZ6KT9,63.45509
TitleA5BKG,66.56702
TitlePSZTQ,56.55964
Title3VAP1,59.946125
TitleULTS1,63.776737
Title280ZR,64.92115
TitleW4DV8,64.02486
Title0GAD5,70.04304
Title1N8A6,65.46991
TitleFLH8A,63.879463
TitleH23CM,65.2788
TitleT269F,51.20777
TitleR5U46,69.928795
TitleZEREP,67.17339
Title7HJF4,62.27623
Title8PQZL,65.12156
TitleEGIZM,63.663376
Title408P2,60.938946
Title8GRU3,60.724392
TitleW1T1J,58.117332
TitleJISI6,64.14974
TitlePCZK5,64.6221
TitleR6W9K,64.396095
TitleS398A,67.456635
Title3O3Z7,54.865856
Title76D08,71.544556
TitleNXYVG,65.16433
Title1ZANJ,59.45009
TitleY3W82,62.099407
TitleY7YHY,64.14119
TitleXX8MH,68.423996
TitleUO1RJ,70.30675
TitleW91AR,62.71844
TitleXTQNO,66.438126
TitleKY5CH,68.44008
TitleK5PA7,68.93131
TitleMNYZG,64.205536
TitleFZWCL,64.49519
TitleRTETD,64.56653
TitleRM0AT,62.832024
TitleF2I93,60.588318
TitleCGK0T,63.895138
TitleLDY20,63.04324
TitleG7ASQ,69.65449
TitleQ0LC9,67.688255
Title6F1QJ,66.14119
TitleNV8HX,69.56501
Title5RB1Y,60.74848
TitleZFZU0,67.98699
TitleSV3V8,58.250984
TitleQ0D4D,59.961548
Title1N86W,68.00234
Title96N3Z,62.554226
TitleM1RQ5,69.06334
TitleFZ9P9,69.24406
Title5TEF6,67.29015
Title2JDEQ,69.49308
TitleDT2SJ,73.37884
TitleUH7UE,63.954437
TitleX8GD0,61.76605
Title39FPS,65.462234
Title41VTG,60.905193
TitleGM3Q4,61.92843
TitleJG6EE,64.111084
TitleB59S5,66.875496
TitleM5YGV,64.73991
TitleRDY6Q,60.187622
Title2DZSU,68.93601
TitleQ6AE6,66.35917
TitleXF7WO,58.216633
TitleQUNLH,65.50729
Title3XAGQ,66.12349
TitleTJYTM,63.063774
TitleMXYD9,65.31556
TitleZVEUN,65.50501
Title6I28C,70.676155
TitleJVPCM,63.544205
TitleKMH84,64.79663
TitleUZH7Y,61.155884
TitleJT4D6,55.390938
TitleO6I2Z,66.81949
TitleKJW77,62.454933
TitleIS8WY,64.11511
TitleDBU52,56.000206
TitleX53DD,71.13548
Title2U4U7,69.560425
TitleFIMG6,68.11498
Title84QHN,78.36831
TitleL1CUK,73.01344
TitleCKTYO,65.074486
TitleA3J06,55.270046
TitleSA5JQ,70.747246
TitleVTIQ0,63.324337
Title20LYN,57.824833
TitleLYJHC,59.367046
Title79OW9,65.190186
TitleVDS21,66.815216
TitleL2JEW,59.640682
Title91TMK,58.437702
TitleNQ6UW,68.406425
TitleFZGVV,62.760105
TitleRJCDZ,64.90272
TitleHHBDW,69.51951
TitleSRVI6,59.88324
TitleBKT65,60.06758
TitleVG340,55.783367
TitleJ7HCY,62.691097
TitleZ96R8,64.5593
Title4WUD8,66.9737
Title2BP97,62.939217
TitleD1HSV,74.63196
TitleC2UUJ,66.6131
Title9G7Z7,66.88663
TitleI1KEN,68.311424
TitleKPLT4,62.024544
Title4ZWP5,53.20112
TitleBS0WL,57.537712
TitleKKWCA,63.729736
Title0FU5S,68.5259
TitleE0KRJ,67.95272
TitleVVRFD,60.023502
TitleHT658,69.720535
Title852B3,59.155014
TitleUXIF0,63.196373
Title9JWRB,64.15234
Title8UR96,63.580616
TitleZ7KJ0,64.31489
Title8FJ5H,54.363873
TitleHH06V,69.91353
Title9I3T6,59.038002
TitleF8HC1,56.416912
TitleON8DS,62.851658
TitleSAZ3H,66.9552
TitleDYABC,59.390987
TitleW88NY,68.083855
Title82CIH,61.62216
TitleO56QD,61.732388
Title3MLCN,67.956436
Title7UY6H,55.391632
TitleDNR3M,65.870155
Title7B6CX,65.13439
Title07MM6,65.05708
TitleI9IAV,64.22534
TitleYK4LF,68.56258
TitleBQUYG,75.05623
TitleRV8BW,58.75936
Title5ITDB,62.839394
TitleW76GX,67.77468
TitleB729Z,62.116817
Title6YTWX,63.50515
TitleQ8BFC,71.141335
TitleV27SW,66.241
TitleLDP9Z,67.69255
Title54BZJ,69.579605
TitleK9D3B,64.43904
TitleAAQG7,55.487835
Title2WVH7,60.649525
TitleQMG6A,56.858932
TitleOHTAM,70.99796
TitleV03GG,66.40949
TitleWSZ3T,69.108025
TitleAVXHK,68.11207
TitleVTXCA,63.637386
Title7941F,68.683624
TitleT93VF,64.60985
TitleED8J4,70.10512
TitleBNIB0,65.662674
Title8L2FQ,60.234085
Title013WA,62.52085
Title6U8JD,63.01408
TitleIZ79K,66.18088
Title5PLDW,44.625267
TitleXUBFQ,61.13318
TitleXQ02F,64.01002
TitleA12R8,65.16934
Title2CV9B,61.135265
TitleU8E3D,55.72951
Title9PCE2,70.64761
TitleP0FXZ,61.381786
TitleCFQ3K,64.32439
TitleMGDZ8,65.84269
TitleIG909,60.217834
Title6JM16,67.87443
TitleAGWZH,59.41873
Title5DKVV,61.674995
TitleFFUCT,68.90234
TitleGV7XI,66.110794
TitleZL409,65.748474
Title31RSX,63.282627
Title3JEMA,62.72605
TitleZB5U0,65.60362
TitleM109I,56.80845
TitleU7WEV,64.47433
TitleO3PQQ,54.311893
TitleVDD91,70.920746
TitleOJV2K,59.11709
TitlePLWWG,41.342964
TitleBCQIN,67.719505
TitlePKRME,50.64765
Title9IF16,65.26378
TitleNFJJ0,66.873695
TitleS0ZXM,72.88802
TitleVHI07,66.720795
TitleI6DYI,65.41075
TitleZQRIZ,66.1102
Title7APVX,68.10584
TitleHFKTG,66.13516
TitleGUFXV,69.27621
TitleN3VPE,65.212425
Title31RKT,62.646664
TitleY0HVR,64.59635
TitlePQ5SJ,63.872448
TitleWJZHU,58.01958
TitleM49YE,60.68263
TitleUMLYA,70.949745
Title9BHDG,64.160904
TitleBSAAD,65.42907
TitleE0CW3,64.353485
Title73ZNE,65.57734
TitleXZSVX,68.79364
TitleTBE5E,64.09952
TitleXNL80,60.657867
TitleJSMS5,57.475586
TitleQ9F4N,59.674248
Title3PIBO,65.779625
Title9NZL7,59.340466
Title7IIH3,64.40472
Title57ZHD,65.27068
TitleM217C,67.78117
TitleEDOCD,71.450066
TitleMEH6X,58.84618
TitleDUQ23,66.7319
TitleDJKZD,72.11732
TitleK3CB0,62.191917
TitleQDGJS,63.677437
TitleT4ZWO,63.96556
TitleE38OK,62.750767
TitleSQBLU,65.13611
TitleLPIH0,58.618782
TitleEH1XB,62.936314
Title9LMWD,61.491543
TitleIY4JP,71.52826
Title32BHO,66.28151
TitleWRFTS,57.94929
Title6R8YY,60.952213
TitleR4LB9,67.41492
TitleE1AWV,67.47468
TitleH7YB1,62.340008
Title719HX,65.45487
TitleESQPM,62.921677
TitleOZOUT,67.79571
TitleXKOLD,68.8996
Title4ZA24,56.32711
TitleLQHNU,67.26017
TitleY9IG8,58.50107
TitleT6ISM,61.449203
TitleA6121,62.63541
Title375P6,59.055885
Title0I86K,69.41213
TitleVIVN9,69.18088
TitleOWJAW,69.921974
TitleBBMUM,65.232
Title9VFH9,56.07607
TitleR11CX,65.46982
Title82DQ7,63.267677
TitleIVLS7,76.02829
TitleVZIVX,65.520294
TitleMREEV,70.99755
TitleZLTMX,69.42691
Title1KYR7,65.87491
TitleO0AIE,69.21604
TitleBE5HO,70.319145
Title85EPD,59.649727
TitleUAJOX,70.740425
TitleKXLZ1,42.03984
Title6SVNM,69.44625
TitleIJNJZ,53.780514
Title9ZE5W,61.958893
TitleMPJT7,63.133423
Title9A9O6,63.266853
TitleIU0LO,65.4835
TitleVAKQY,66.73926
Title2K1OA,56.437103
Title72SUU,57.732937
TitleH1PWT,69.64615
TitleQY76J,67.58373
TitleKDURS,62.431644
TitleZA3HK,65.34101
TitleYAU4L,64.73474
TitleCYJDK,69.660545
TitleKANYG,65.03865
Title1HQYD,67.254425
TitleZTMJJ,63.86548
Title1L5SN,64.81668
TitleZ5ZYD,67.04456
Title6TYUI,61.582214
TitleBHSPR,63.13023
Title4B3IC,61.656075
TitleH13PD,69.27997
Title9V62Y,69.48694
TitleSAMZQ,64.30951
TitleQALDY,68.31625
Title87TBE,67.82037
TitleAWG5Y,65.79119
TitleYKL1L,66.14901
TitleUXOC3,67.56957
TitleLRKK5,59.564007
Title5IV1R,60.48895
TitleRSLKR,71.49763
TitleNYKLA,60.10218
TitleXU29Q,70.08351
TitleXWKBQ,65.21346
TitleLPACI,64.973
TitleR9F1M,62.812725
TitleQHTDD,60.735065
Title4FRC1,63.893562
TitleY1IDY,56.051044
Title9RQ55,67.43189
TitleZHCIX,67.68277
TitleOCI7Q,68.378006
TitlePN8Q4,66.14569
TitleAULBR,60.870186
TitleHVKUX,54.216827
TitleMF27R,70.24226
TitleEEMZV,66.06343
Title0DBE8,66.189545
TitleDKL6N,58.456104
TitleK5NCL,66.178055
Title6HL1Y,68.53384
Title9JHMK,63.8793
TitleY9SAK,63.113205
TitleEL816,70.17634
TitleGBPVN,61.157253
TitleBGCH2,63.79827
TitleD338P,64.287964
TitleESWIC,64.77004
TitleHJOQV,65.06544
TitleOU3NF,62.883205
TitleRVK2Q,66.42153
Title80F7S,64.45416
TitleEP4N9,71.01907
Title92JGX,74.912445
TitleLKGP0,63.959827
Title1T6W8,68.7553
TitleUBYP7,67.70376
Title27VTQ,69.47903
TitleUGIJV,70.5139
TitleK9KZ8,65.40373
TitleDE9J9,68.65288
Title9BIKV,66.32208
TitleL4JQC,66.71476
Title8X1FT,59.297264
Title8XQ8J,61.127758
TitleHDQKC,63.79609
Title2NJU1,60.08199
TitleJSQUT,66.11916
TitleX0SS2,59.674397
TitleO64ZW,69.81488
TitleODYJX,64.052
TitleX2GH0,66.25826
Title3R3GZ,71.4855
TitleIPLGP,69.6805
Title2ML34,58.43745
Title9IOB9,73.17101
Title9E343,67.67187
Title3RKQV,67.03573
TitleAEYIF,61.24049
Title1ZZK6,65.649765
Title9248W,65.9554
TitleOTY4L,64.64219
TitleNIEBG,65.31812
TitleJ5RYP,65.111336
Title58W1F,71.077034
TitleJW6MX,64.8795
Title1NU6J,60.48185
TitleAA8Q4,64.881645
Title0ZIU0,73.45759
TitleRWTCH,65.91884
TitleZMHRB,61.66337
TitleTWH5D,55.004494
TitleQ2TLG,68.30879
TitleITK46,65.84554
TitleR8ZKN,61.856953
Title0UAXO,70.02244
TitleM7ZNX,69.58629
TitleUT7Z4,66.3565
Title2GENZ,61.340878
TitleTOSC0,65.071266
TitleN3HOJ,71.29583
TitleA9OBP,66.66223
TitleX9YLI,68.21309
TitleRGN7H,67.25744
TitleQ87RT,56.99369
TitleG8IJX,61.928925
TitleQ28IV,60.772274
Title2B84M,60.230885
TitleHNM1N,66.32765
TitleJ7ALN,62.838425
Title1F9JY,64.47775
TitleMLWOG,60.627857
Title4KT4G,69.03119
TitleSIYFQ,67.4632
TitleKTRH7,68.66173
Title4ZEAS,58.08612
Title58LHK,68.352165
TitleCMDBW,63.120106
TitleB05O6,67.40635
Title2RBG8,69.37364
TitleZPMLT,63.55728
TitleNCT73,62.378525
TitleRH0CG,62.195877
TitleM81TL,62.547176
Title59KR5,69.94668
TitleX5F33,66.00522
Title177J6,60.600555
Title48NBL,63.961777
TitleAB617,57.713333
Title2ASW6,68.20929
TitleRY53W,41.829838
TitleDO4IN,61.32777
Title1IFKE,65.82141
TitleK6SAM,67.07837
TitleHHZ3W,61.46335
TitleZSO2H,65.440704
TitleK5HUB,62.297916
TitleQ2CQP,63.40381
TitleP1P2T,55.38983
TitleVAP78,66.93673
Title1ZFZP,63.966373
TitleLKNOQ,67.803986
TitleF5M2L,63.552303
TitleA3JWQ,57.34231
TitleKLE8B,65.66104
Title24VWF,64.201065
TitleY8ZBM,66.60755
Title9PULP,54.707237
Title3NPEW,70.50315
Title91S6N,55.117924
TitleLG9SG,65.819115
TitleXFDU5,59.678295
TitleAZCMZ,63.056374
TitleFNCL9,67.87559
TitleZ71MW,68.3371
TitleYPV5U,65.29263
Title0PFVJ,57.147335
Title2J7WR,67.326126
TitleF9TI2,67.57222
TitleAB70M,65.720116
TitleDCD90,62.84761
Title4N8HW,60.55978
TitleF5ZFB,49.484356
TitleJ2AV8,64.897514
TitleF5C7V,62.09206
Title9HEI4,61.64464
TitleV64ZC,69.43886
Title5QX7S,63.136288
Title7D6RK,70.41612
TitleA6QC4,62.896996
Title1JMO7,62.244366
TitleFJD5Y,58.80699
Title4J8LW,66.840775
Title5YI5T,66.254234
TitleVNV55,64.512184
TitleCSCQX,63.88624
TitleAZKWI,66.11666
Title1AJ2I,66.14018
Title322DK,68.931114
Title9HAQC,66.08964
TitleRHZ7L,73.281334
Title0CZQQ,66.568214
TitleLVY1J,66.86134
TitleACDIX,61.808926
TitleHQM9M,61.755157
TitleX0MK0,69.10459
TitleV8X3S,70.14164
Title2EZYK,62.530087
TitleHHNNF,67.98482
TitleYOYAO,55.551407
TitleIQ98O,67.92115
TitleIHZ2E,70.58719
TitleZ5J52,58.353645
TitleRGHOI,64.708885
TitleIAGU0,65.52772
Title023FO,46.31964
TitleVXYK8,62.661854
TitleOMDNT,69.307686
TitleCZN3X,61.12119
TitleOY6SX,67.99917
TitleR4ON4,72.64765
TitleWUK8H,64.47336
Title9CMQT,63.40997
TitleW3LFX,59.21402
Title2GITH,64.32265
Title19E6A,67.75168
TitleYOECY,64.502174
TitleAZSA4,45.410786
TitlePN4UR,68.36537
TitleY4YQV,64.918396
TitleORBJ6,59.362465
TitleYD7LT,65.36725
Title8SL16,62.565548
TitleXI1UQ,69.421265
TitleL581I,70.8182
TitleH91AX,69.32585
TitleLKVIM,63.205734
TitleWAUBR,67.010284
TitleUHMTR,60.864796
TitleZUF5M,63.323097
TitleJ9J8L,68.195114
TitleDYYCE,63.40153
Title8N7XI,67.048065
TitleAWLB2,60.971233
TitleXXJ1K,66.00675
TitleZF0SP,63.79588
TitleWZ08A,53.89534
TitleRHL71,61.115967
TitleTYKX4,67.659966
TitleD3RDH,63.217716
TitleDXUPU,74.95638
Title5L2C4,66.16355
TitleSBS1A,67.22791
TitleQO1HA,68.33986
TitleF1GCQ,57.87971
TitleN9TKA,64.23639
TitleO08LI,70.15312
TitleKDNOY,62.868553
TitleAIU0F,67.969925
TitleIFVXB,55.15777
TitleT5EG9,68.50178
TitleYOP1K,66.09725
Title2QY9H,61.917683
TitleAEVPT,60.175686
TitleAAW85,64.280426
Title6NA9A,66.24365
TitleY8YY5,65.39459
Title0UG9L,59.0867
Title1ID54,65.065346
TitleSMXVA,61.631443
TitleIZDBA,57.935287
Title975KB,57.147327
TitleECHPD,64.2062
TitleOBCLV,61.235706
Title68J6T,67.67007
Title4S2QY,69.1943
Title5JGSD,61.464912
TitleALTXY,71.40915
TitleCWGFU,69.185165
TitlePHHD0,66.95347
TitleKWFTK,56.94425
Title475DZ,68.36508
TitleMTJM7,64.78111
TitlePF61Z,70.391846
TitleBJ2ER,65.93794
Title50LYV,66.459076
TitleH3HUJ,62.239254
Title7IMHP,64.961685
TitleCMKW1,65.239845
Title933SF,70.21938
Title7YS1E,54.819122
Title7EGA7,74.19486
TitleLA7DV,65.581245
TitleDL0DO,68.93447
Title3NZJ5,55.168148
TitleZGOLB,66.752144
TitleLMEVA,66.4751
TitleFP0TV,59.278267
TitleFMIE8,64.73394
TitleJJHXW,74.1542
TitleTVRI1,64.99333
Title3XYTX,64.92231
TitleRE4WS,61.41954
Title3QVNA,63.309143
TitleCUD6G,64.4904
Title1Z5EF,60.74946
TitleEMZJH,65.63631
TitleMIMHZ,66.14676
TitleE3N7P,63.14187
Title9CD16,48.682526
TitleDOTV0,65.96332
TitleS7YMO,59.100903
TitleH9SN9,61.930096
TitleYPB2B,64.34583
Title0XTGZ,65.117874
TitleHR7DD,68.1811
TitleCQ4UW,73.81769
TitleZFYTR,65.01102
TitlePW097,61.808544
Title6U3HV,58.468285
TitleB1B6J,68.57704
Title3UAB7,65.433464
TitleY3U4X,70.73824
TitleEXMHJ,65.30184
TitleZSF9E,65.36079
Title6Y3XE,73.49416
Title7QMJP,63.972637
TitleU9T6A,69.06753
Title9WJB9,51.743927
TitleF0ADH,59.6414
TitleL28X4,63.16768
Title09SLQ,59.65074
TitleGLYDJ,67.11183
TitleQIR2V,68.580284
TitleD0VTL,63.023342
TitleT7QID,70.91473
TitleNGUQY,67.26863
TitleG86YF,66.9689
Title23IO7,53.037937
TitleWQVEK,64.416245
TitleQPHUH,57.832653
TitleKP4G1,67.73361
Title5R18L,62.891983
TitleJRGCZ,68.0373
TitleQ9PBW,57.805725
TitleROHOK,70.19685
TitleXNCK8,68.3098
TitleP6VI0,62.66306
TitleRV2GZ,65.44803
TitleI0P27,58.374798
TitleMM4KT,60.647434
TitleB9XZ4,61.291004
TitleJBD8E,64.59981
TitleO5VGC,59.328365
TitleX32XH,71.87177
Title1U11U,59.74742
TitleLML3B,62.629955
TitleO00RJ,61.913628
TitleSN96Y,68.7995
TitleKA948,57.527756
TitleCVPNF,70.95006
TitleFWMH1,59.98033
Title2PTU0,62.659016
TitleN7CXE,60.40863
TitleH6PYI,59.047127
Title1WBHS,60.438133
Title9BDFO,62.846626
Title2RE9J,65.754684
TitleO3Q5A,72.72082
TitleDRRFS,72.3296
Title5KQ3S,73.23748
Title48Y85,66.87403
Title59YN5,61.35112
TitleEMYF9,60.392452
TitleC5GU4,57.742817
Title4VATZ,51.71981
Title7NA9H,61.311058
Title92PQJ,66.51822
TitleW302Q,66.99626
TitleD00ZR,64.99088
Title70LI7,65.52989
Title2QB21,67.93512
TitleNUPWA,69.02838
Title5E9TK,71.559044
TitleBQICI,58.76625
TitleMKTT7,63.706676
Title53X6Z,64.92398
TitleT3R1J,66.14522
TitleQ3FS0,64.339455
TitleURBH7,60.48951
TitleJLPX0,64.34189
TitleSM0HS,62.139744
TitleJ2GWX,69.795845
TitleNAF56,64.45766
TitleY5HE7,66.380745
TitleBJ7S9,66.30898
TitleG2N7R,59.09118
TitleOFK5C,68.99134
TitleII03Y,53.776646
Title0K217,65.417274
Title0K59O,70.86618
Title8NITG,49.732754
TitleKVY3W,53.07357
Title6CDRU,51.743088
TitleCER71,58.114334
TitleSVC9G,69.48368
Title33K91,69.00569
TitleTZXYI,57.371273
TitleU5X9V,58.355537
TitleGVZWF,62.145992
TitleDMING,74.65924
TitleKLOX9,60.875652
TitleFR2ZC,72.45102
TitleN3TYW,62.69394
TitleVS1Y6,63.962307
TitleHJOH7,51.243347
TitleD9TXZ,63.194954
Title9EPDE,60.360283
TitleRKYAC,70.43801
TitleLMZ1H,57.738758
TitleLDSLR,68.06686
TitleBMT80,65.64617
Title5E40D,65.88179
TitleDVNA5,70.70551
TitleH21KX,67.4097
Title6EWP1,64.74143
Title0FQTT,69.39143
Title3QXI9,65.947845
TitleVEJGJ,64.91559
Title982EA,73.89259
Title00Z6Y,67.28096
TitleRJK37,64.85589
Title7M9YB,64.68113
TitleX21QG,60.28443
TitleP1LW9,59.76953
TitleWH5JN,61.797104
TitleMDJBN,60.279984
Title0AM7W,65.500946
TitleON9VQ,72.96463
Title1M5HJ,60.35167
TitleGAIPV,65.48837
TitlePU8YK,71.24689
TitleT48HB,73.27576
TitleRFQM2,70.45601
TitleSYGAW,68.68364
TitleBH0VD,70.944466
TitleWF5UF,63.971252
TitleG4KL3,67.940704
Title88KT3,68.592834
Title0YJOF,55.248573
Title44M2Y,63.654964
Title2SQHX,64.4324
TitleNBDFJ,53.518627
TitleE01MZ,65.5403
TitleDO9SK,61.91119
TitleYYTTB,65.714294
TitleUO38W,65.63349
TitleCB4WC,64.1187
TitleCY39N,69.55724
Title4T9TO,59.85641
Title8POD5,57.902813
TitleHK0BF,65.41971
TitleDNSAF,67.97336
TitleYGX7S,52.493427
TitleH0QO0,69.214745
TitleA8V1T,70.844826
TitleWKEZP,68.8938
Title6DUW5,67.110954
TitleNC7PU,62.05755
Title8PB1R,69.43547
TitleTIE51,61.57849
TitleY8A1C,54.091724
Title6K5J4,70.39764
TitleNB01M,67.59935
TitleNJJ4A,64.341835
TitleYB0J7,57.512016
TitleXOHHA,71.88118
TitleZVMQ2,63.17358
Title0SZNQ,62.7984
TitleRQ0LY,60.25222
Title8F271,59.11709
TitleXQ1VJ,63.549133
TitleRY9PW,60.48108
TitleD2PQJ,64.82198
TitleW5UO5,66.43399
TitleOXCQI,62.083355
Title5FVH9,65.79107
TitleDAP2Q,65.79655
Title8UT4U,61.43064
TitleZ57ZP,63.71785
TitlePL2LF,64.94458
TitleS6JJC,67.66656
TitleM4TAB,68.53529
Title1RN6T,67.03249
TitleI86XF,61.654953
TitleTYSUA,48.055912
TitleUG3QH,63.518017
TitleI4O1J,67.54118
Title7NIO5,62.56625
TitleZ3MF1,58.294094
TitleX3IV6,68.01109
TitleNOCNZ,34.268066
TitlePCY3C,30.29441
TitleKZ7TL,66.09895
TitleH5282,64.23047
TitleDPKCW,70.301125
TitleQHFL7,68.96288
TitleVI5LB,67.39848
TitleMH112,62.658237
TitleLKN5K,64.5246
TitleIJ2I5,62.0053
Title0ZLP6,65.10132
Title0K4PP,61.913986
Title44ZW0,68.180145
TitleP610W,65.00176
TitleBN2FZ,68.47654
TitleIAZXQ,65.98649
Title2N7I0,58.52429
TitleEWZ0I,56.91298
TitleW6T9C,74.1496
Title2XNIX,62.923107
TitleHMFD3,69.71168
Title72UTS,67.26818
TitleG78PL,66.79549
TitleAF256,62.34869
TitleDPNW9,53.82418
Title41L4W,61.28232
TitleLICVD,66.16558
TitleN44AZ,62.656033
TitleDRALY,65.19638
TitleDMT11,69.32895
Title4ATTT,69.92746
TitleLE5PR,63.37826
Title50PKJ,63.515728
Title6XUBF,61.480793
TitleNISFK,60.373146
TitleB0IUQ,64.711975
Title5TADF,63.470364
TitleFR37S,59.919727
Title089DL,71.48678
TitleP66TX,64.114456
TitleACX2I,56.05137
TitleGIA9P,64.04929
Title797F9,62.289402
TitleAX69B,65.587166
Title7GLBO,66.23197
Title1CMC4,64.298096
Title9T7UA,74.40989
TitleMGDXO,56.752346
TitleZD3D5,65.07849
Title1H9P5,52.816315
TitleW2581,63.298347
TitleF698Q,62.318645
TitleUPPES,65.56058
Title7RFRU,64.259125
Title47TZG,63.351036
TitleGDWO6,66.3276
TitleCP8LA,57.58416
TitleQ6OK6,57.69523
TitleHH40S,51.61131
Title7U4FB,71.215355
TitleZNY1X,61.296646
TitleFOX2L,56.041573
TitleBV2OI,63.32267
Title6FDM3,63.034378
TitleW9RRC,57.368477
TitleQVDQ6,67.14259
Title7AJXS,68.371826
TitlePRD8L,69.9257
TitleU6LVE,65.18784
TitleQ94KP,62.492706
TitleG7EA3,58.564556
Title23V3R,56.26059
TitleWH83M,41.0538
TitleZT7IS,63.20832
TitleE4LN6,61.23966
TitleI1NZN,60.74326
TitlePYUSE,63.51129
TitleN43XI,71.58069
TitleRMEXM,64.551125
TitleMFQKI,60.793697
TitleWD36X,63.958424
TitleL6DQ8,67.99551
TitleW8S9B,61.468967
Title7QAV0,64.03711
Title1BNP4,62.782562
TitleW7NTM,63.36449
Title7VCYO,62.792847
TitleORDFV,66.77718
TitleOTAI0,61.48262
TitleGWTKF,61.221375
Title6IWVE,63.604824
Title6037P,59.36316
Title49OUK,66.505684
Title6QU1Q,61.690044
TitleG8NXX,66.54239
TitleHGNI5,63.440907
TitleI15H7,63.28557
TitleYTG6A,65.81698
TitleZSJC8,65.92787
Title3ZGDR,66.69171
TitleR6M7G,68.204445
TitleTUZMT,65.7479
TitleHKIY4,59.771893
TitleAV8ZD,68.28767
TitleK1ZJK,63.889984
TitleMAEQD,66.059326
TitleVPKN4,67.89219
Title2IRBG,69.74063
TitleB5F4T,61.232483
TitleZ9EFX,61.136364
Title6ZEKF,63.25188
Title07DWS,61.50961
TitleU4JDP,65.49351
Title6SHHD,54.526093
TitleHBWI9,72.95262
TitleGAIRZ,56.276318
TitleIG32W,67.816635
Title12SLE,66.37339
TitlePGD0X,67.222824
Title05KWT,52.254204
TitleCVXCO,60.934887
Title6N8EC,62.729103
TitleIFI2W,70.65024
TitleRNZAN,65.394936
TitleSTP0N,70.3989
Title353HB,62.26539
Title6E9CF,65.952446
TitleR3L72,52.04022
TitleD2CSJ,63.055843
TitleW9RDL,62.97728
TitleR205P,57.71073
TitleCT4IC,65.453064
TitlePGH8X,59.37997
TitleDM68Z,66.12849
Title29DVL,65.08283
TitleS90MD,67.283325
Title2MII0,62.530792
TitleUNRSP,63.06084
TitleN3WKB,65.45356
TitleV2E67,62.56881
TitleFKWIR,60.995842
TitleIK899,71.614494
TitleV2CTC,63.398724
Title34J4I,56.439457
TitleUVKGI,67.184296
Title92X93,64.29227
Title5YS9U,68.8657
TitleYVIJW,64.19891
TitleF7578,51.28064
TitleUH8ZZ,64.43588
TitleIWBQZ,61.27899
TitleWYPBG,63.041008
TitleJMIYB,70.31312
TitleXU1HX,60.947147
TitleC3Z5W,64.16792
TitleETMER,67.17771
TitleHSBKJ,68.35083
TitleYIQZ2,69.58029
TitleW1ON9,66.26435
TitleLP7PK,65.24531
Title8VA0E,63.345165
TitleBAWPB,65.12867
TitlePQ1LB,63.40653
Title9BRV6,65.22774
TitleJUKA7,61.969257
TitleQ65CJ,62.566795
TitleBOJWQ,62.36082
TitleU7RSC,61.322117
TitleOWURI,61.985878
TitleOE6AS,60.048183
TitleMBBS1,51.296375
TitleM1HKD,65.306244
TitleGAVCJ,73.437294
TitleE21NV,67.96036
TitleEN056,64.236786
TitleQRXCS,56.5909
TitlePZTC6,64.627235
Title5Y5W3,66.84489
Title4CYVQ,62.464417
TitleB6BI2,48.788578
TitleW4TC6,63.427082
TitleWIETD,67.91137
TitleSKV0E,66.17623
Title20EBE,61.106537
Title6EPNM,58.128567
TitleWM5AJ,65.1591
TitleD41S4,67.508606
TitleZOR84,69.34147
TitleEABKA,57.48814
TitleZLB8C,68.315346
Title7R8KZ,60.978653
TitleH8FIQ,64.03016
TitleMKIM4,62.027336
TitleQM62M,63.057903
TitleEKK3G,61.143883
TitleY22DA,65.7918
TitleMKO4Z,65.13493
TitleDCVTS,71.2591
TitleCEYQC,69.79023
TitleCDBOX,65.958176
TitleEORA1,73.76952
Title2BAIR,63.31362
TitleT1XSZ,62.929142
TitleHPQPB,62.601887
Title876D6,70.66866
TitleFL87W,69.74505
TitleJFW2L,64.66547
Title6ETEZ,65.376015
TitleH1E78,69.74999
TitleQYOJJ,60.412846
TitleQL8HE,44.182766
TitleZT3Q8,68.13989
TitleTZWKL,70.475815
Title7M6WY,59.67228
TitleYM8T9,66.14598
Title785GK,62.64421
Title5N8TI,58.204353
TitleUH7N5,67.17551
TitleGG5O3,63.125122
TitleKVU1H,57.367985
TitleWK7OQ,70.20065
TitleQ8GET,62.112656
Title6QMQ2,62.170673
TitleZRLPI,63.768635
TitleHQOJX,63.241432
TitleBWVPD,69.189
TitleBCHD2,63.536594
Title64G3U,65.54665
TitleW2FJH,64.21769
TitleVC0G9,64.69982
TitleP5UAW,62.932056
TitleNZ29W,68.60665
TitleJKOIP,65.91125
TitleJW57A,71.594986
TitleM9PH0,61.87049
Title0KKRY,64.16839
TitleCVUZS,65.42133
Title6MQXH,54.89969
Title63N52,67.27251
Title9R4QJ,62.346447
TitleTQAG6,61.640965
Title4DYBD,68.07669
Title0DGLT,69.70384
TitleEDT5D,73.02446
Title89EJJ,60.855366
TitleQRHV4,65.308365
TitleTL8TV,66.14877
TitleJ5XQU,75.49068
TitleXELRZ,64.529594
Title65YIV,62.00256
TitleZ56L4,62.792072
TitleWJU2L,60.457123
TitleSQI25,51.141815
TitleCWV72,64.83626
TitleHV0G3,57.923267
TitleEWB0E,62.935127
TitleG09TB,63.675358
TitleSXKMN,61.843727
TitleK6ZPA,61.40091
TitleGE5XP,70.44277
TitleYBVTC,64.924255
Title26GJJ,60.16278
TitleC8QVY,65.429825
Title373LX,61.549385
Title4BQM0,63.459408
TitleKIH6U,60.18595
TitleYNDC7,62.7166
TitleV26B8,71.35841
TitleT7E70,59.87056
TitleBTM08,71.07916
TitleED1WD,61.139034
TitleCTHSR,58.73821
TitleJYFJB,62.85666
TitleIK2Y3,64.222786
TitleAP6X5,72.02466
TitleIMIXB,65.52346
Title8AEMM,58.383556
TitleH9JV2,67.974304
TitleZRT1P,65.49582
Title58T6W,63.311073
TitleOSF13,34.94389
TitleKCU06,67.1009
TitleXY39W,63.85003
TitleFJW2F,66.5439
TitleYE2BG,62.422863
Title29M36,69.43393
TitleH04BX,64.54705
TitleLZ8O6,61.911594
Title7UF4N,64.11409
Title4PV8C,62.77105
TitleN08R7,73.60152
TitleTND66,62.01593
TitleQIO3U,67.3066
Title3PDJ0,62.394966
TitleEVNEJ,66.00143
Title0JXLB,62.92664
TitleSST1A,69.34536
TitleW4RI9,62.921455
TitleUCX3N,75.0678
TitleEA9MG,59.723995
TitleCNW0A,67.562546
TitleRE4FM,67.949066
Title2N282,64.51233
TitleVR7UT,70.48053
TitleUWZIY,61.29197
Title3A64B,59.798534
TitleRBCFJ,64.85614
TitleNYTFH,66.5708
TitleBGRFC,53.790695
TitleWWJ6X,67.50898
TitleNK350,68.05213
Title1N1II,71.49481
TitleM1UE9,63.296467
TitleHYQT7,64.92764
TitleG814W,65.877625
TitleB0PMY,62.49024
TitleBBUFI,66.31587
TitleG5VSK,66.12155
Title5RUV3,60.44329
TitleSEV42,71.96608
Title438K1,66.03469
TitleUZ3DI,59.476376
TitleHT479,53.698547
TitleKBBTU,62.520634
TitleEV9GF,64.63336
TitleKRMRZ,64.899025
TitleBB3E1,64.95218
TitleC6G9C,66.627
TitleVBED8,66.35476
TitleBICN0,64.85859
TitleIOVVV,58.46408
TitleQRU5M,64.74501
TitleL5J9W,59.848766
TitleKAYDU,65.049416
TitleS74OE,68.606064
Title7X8D0,58.30126
Title4TXOJ,66.16699
TitleAI24X,70.982635
Title7WRG6,62.12507
Title2BHH1,61.93421
Title5Q95N,54.772408
Title31YAI,67.327
TitleJ2D0S,70.53144
TitleATXPL,64.27846
TitleT46RS,62.870262
TitleX7JJE,61.797592
TitleS1BAY,70.09746
TitleAELWU,69.71796
TitleSYDI4,58.142727
TitleQVPSC,70.743866
TitleQSNGK,62.285126
TitleJZOKZ,59.427246
TitleDJ0MS,56.28869
TitleMTTRN,60.64449
Title8E50X,59.545155
Title1EW9T,62.878
TitleUQVUM,67.51044
TitleWVYG8,60.39067
TitleHTUKM,65.4905
TitleIYOUQ,66.671326
Title11T9M,59.305256
TitleBSUA5,60.67707
Title1QXPN,67.47013
Title1NYOF,62.22473
TitleIHHFR,65.60216
TitleQYFNT,57.713753
TitleVH335,65.76647
Title1PTQJ,62.276638
TitleQEZ5P,58.217815
TitleCVH6V,71.758316
TitleTC6OH,65.73145
Title6R7VX,71.94186
TitleMYCRA,65.80626
TitleITC20,68.286255
TitleCY245,64.02308
TitleO09DL,60.19641
TitleZQGIB,63.4825
TitleJS6ZB,64.42138
Title0GRHA,72.41795
TitleGQJU7,63.93344
Title3XO7D,60.678047
TitleKZCMH,65.10365
TitleUDKQ1,61.880295
TitleIPVDH,71.62952
TitlePF3W3,54.70111
TitleCLRD7,69.87042
Title8UJDQ,65.59186
Title5DNSM,66.34272
TitleO56F5,68.53541
Title2K05N,69.70487
TitleHQL6Q,68.02357
TitlePOL75,65.4148
TitleH149Z,62.607906
TitleGPKAD,68.59837
Title7QHF1,72.36326
TitleK52R1,56.349728
TitleGBD4N,71.95941
TitleUWIF4,66.76665
TitleK650G,68.955284
Title2J3RP,58.202915
TitleFM63F,61.177402
Title2H7IY,60.416164
Title1LVHT,65.4543
TitleD9415,71.604164
TitleI4YA3,63.257233
TitleZGBPH,73.41603
TitleEX9NJ,68.91072
TitleGADOR,69.9295
TitleA63P3,63.130672
Title45VUD,61.31903
Title5NV8S,68.19096
Title3V1YD,60.42774
TitleSALYL,64.34001
TitleGFAC5,61.602814
Title089HE,65.010086
TitleDL9GJ,70.3473
TitleUHTM4,68.231766
TitleT6597,70.55276
Title4JXJP,66.74788
Title10CGL,65.12547
TitleR230U,68.85774
Title0XBLE,73.209015
TitleRTKQ1,63.78679
TitleCB5C1,71.91753
TitleIG6QE,66.76902
Title3Q3HJ,66.59526
TitleVC5GO,69.731255
Title9MRRH,66.11633
Title6KYB0,70.718575
TitleNPO27,67.845634
Title2L8OW,69.95202
Title5UTR7,58.197655
TitleDXK1W,64.144066
TitleOLE7C,68.786354
TitleXL6Z6,69.04046
TitleCAA9S,63.230152
TitleS1Y5O,69.589134
TitleXMATD,56.73688
TitleKWA72,63.17393
TitleENUVN,33.193188
TitleBW1EW,56.47013
TitleHQ967,67.42159
TitleVGANC,69.45391
TitleOTR0Z,61.494324
TitleS7HU7,66.55113
TitleNQJH0,65.45852
Title8HXM3,64.47097
Title61N9H,59.219505
Title8FDTI,58.97206
Title3FCY5,62.787434
TitleOLVPE,60.81419
TitleWFDXU,73.6839
Title0YDK4,64.34017
TitleBM1J1,62.609818
Title4NNTJ,55.821953
TitleLN5S1,59.574104
TitleD2ASQ,62.73042
TitleA5VUC,70.70705
TitleZ9MGC,66.79214
TitleU5YAN,72.37314
TitleLEEH4,70.521324
Title3DN74,65.27382
TitleB4YP4,57.21626
TitleTH53P,61.746006
Title0RM9L,66.95318
TitleGRMFX,63.031773
TitleU4J6Y,58.861565
TitleHKMEL,66.98682
TitleSHH1C,57.10085
TitleKEFUI,63.352394
TitleWMLN5,72.84771
TitleOMMTU,63.020683
Title2Q1A9,75.22509
TitleMJDL6,62.740055
TitleILV1L,67.24383
TitleQMD0X,61.472893
TitleQ9EJZ,63.724113
Title3G91J,62.868053
Title7CL9L,54.47421
Title4RL5S,65.802216
TitleRBS9E,72.73466
TitleA05R3,62.015633
Title22SSR,60.061417
Title80TYK,63.631317
TitleA40GC,73.00958
TitleIRIEQ,72.4949
Title8NPO9,61.04316
TitleJZ2NF,63.810555
TitleSLJPK,65.266815
TitleNH5I5,64.00734
Title7O3R2,69.72169
TitleBIYMP,66.02669
TitleVZIP5,65.39464
TitleG7BX1,66.49678
TitleO6Z5U,65.83786
TitleWOXPP,73.57802
Title1S5QW,52.796482
TitleXFWI1,68.958145
TitleK6XN7,67.40319
TitleJNMG2,70.204605
Title4YBEE,65.622
TitleBPK6B,62.587147
Title690RK,65.14112
TitleZNXDK,69.52816
TitleQPIVB,69.31515
TitleD4B9D,58.20785
TitleIUTZC,72.24198
TitleDXXBE,71.002174
TitleXEU8K,64.548065
Title435A8,68.93623
TitleEMEG7,62.577602
TitleIOC2Z,57.523537
TitleQOEH4,66.31095
TitleI6R8T,60.27347
TitleLWAMH,65.494415
TitleVQIJP,67.88933
TitleQJVOB,67.93741
TitleJTUG8,65.49121
TitlePCJK5,62.830124
TitleW6NUX,56.61915
TitleH0MK9,66.27661
TitleCITBB,65.73596
Title3TTX6,67.93985
TitleSNG6L,61.09727
Title9QPAT,56.293037
TitleJE4ED,60.99785
TitleMONPH,64.84119
TitleUHCL9,64.626945
TitleT5N6V,63.2652
TitleL9VTS,57.35824
TitleITQGT,69.04468
TitleYDA9K,64.7841
TitleVV5L7,68.132866
TitleZOQA6,71.85035
Title0R5AG,59.827477
Title1NE07,51.427376
TitleHQ1DR,60.53415
TitleV70ZI,66.07999
TitleMT4BN,66.62024
TitleGAVYD,66.775986
TitleVZFNB,64.405945
TitlePCTNX,63.738956
TitleV6H0Y,61.027115
Title2EI06,66.29082
Title1U117,60.138084
TitleXIDEN,68.88492
TitleF8RSB,64.36175
TitleS8K8L,70.22733
TitleB8JEX,66.76155
TitleRXSOT,63.10895
TitleJK7I2,58.326717
Title44YUQ,66.98086
TitleD53TZ,63.373955
TitlePJHNR,69.52583
TitleEOHQM,64.1141
TitleI1NT0,67.01582
TitleP3NUG,64.851746
TitleUQFC9,67.51224
TitleAMI78,53.77205
TitlePFTQR,56.315384
TitleR3I65,67.86741
TitleUQKH9,58.116467
TitleCR7TX,72.29574
TitleGNZ9A,66.328804
TitleC7BSE,62.003338
TitleSF3JL,65.74691
TitleXX9NB,61.76125
TitleR662H,62.87293
TitleTE3RE,66.97892
Title6U3L5,67.71243
TitleXXWWU,39.628197
TitleY7CAH,39.513885
Title2ENFB,57.82714
TitleH7AWM,67.185356
TitleGSR96,52.884212
TitleA974Y,65.57742
TitleKRD9S,64.99452
TitleIC1XX,63.09028
TitleHF4BN,63.554394
TitleSKPGV,69.74696
TitleN8ORD,64.90765
TitleRULS9,67.395966
TitleX989N,54.970615
TitleLCQ2F,59.511154
TitleODWHI,68.89134
TitleWMB1Z,68.20705
TitleIAMBX,65.243034
TitleMW5XJ,65.411736
TitleUFI52,68.94513
TitleYNEJ5,65.4077
TitleTHPVI,70.95977
TitleXKJI4,64.69723
Title4FAJZ,68.67191
TitleL1LU4,64.2643
TitleT3T7L,64.80421
Title9PWUT,59.700542
TitleGPI1Y,59.106297
TitleJGSGL,60.156506
TitleJTFJF,66.11238
TitleQAY87,60.890217
TitleVZQ1Z,69.23692
TitleBJVZH,65.692764
TitleWGVF6,68.6853
Title84262,69.84476
TitleS708T,63.856033
Title5Y3QW,64.51693
TitleGJ5D5,62.604137
TitleG472T,60.297504
TitleJT36Q,66.08737
TitleGR2WP,67.566734
Title5FQID,52.238815
Title2D482,62.477158
TitleN5G1W,67.16683
TitleVQ2HA,64.49397
TitleU5Q5B,62.488678
TitleL6V9A,73.6116
Title2R8VU,65.15342
Title7HCNJ,60.791508
TitleCD5YZ,68.185074
Title8OKXL,65.04079
TitleHFQT8,67.00458
